<?xml version="1.0" encoding="UTF-8"?>
<window>
    <controls>
        <control type="image">
            <left>0</left>
            <top>0</top>
            <width>1920</width>
            <height>1080</height>
            <texture colordiffuse="FF000000">common/white.png</texture>
            <animation type="WindowOpen" reversible="false">
                <effect type="fade" start="0" end="80" />
            </animation>
        </control>
        <!-- Colors Panel -->
        <control type="group">
            <left>130</left>
            <top>70</top>
            <animation type="WindowOpen" reversible="false">
                <effect type="zoom" start="50" end="100" time="200" delay="300" center="auto" tween="quadratic" easing="out" />
            </animation>
            <control type="group">
                <width>1660</width>
                <control type="image">
                    <height>940</height>
                    <include>Texture_Dialog</include>
                </control>
                <control type="image">
                    <left>10</left>
                    <top>10</top>
                    <width>45</width>
                    <height>45</height>
                    <align>left</align>
                    <aligny>top</aligny>
                    <aspectratio aligny="top">keep</aspectratio>
                    <texture colordiffuse="dialog_fg_70">common/fen.png</texture>
                </control>
                <control type="label">
                    <top>20</top>
                    <left>5</left>
                    <width max="1650">auto</width>
                    <height>20</height>
                    <font>font_midi</font>
                    <textcolor>dialog_fg_70</textcolor>
                    <align>center</align>
                    <aligny>center</aligny>
                    <label>[B]$ADDON[plugin.video.fen 33106][/B]</label>
                </control>
            </control>
            <!-- Color picker panel -->
            <control type="panel" id="2000">
                <animation effect="slide" end="0,80" time="0" reversible="true" condition="String.IsEqual(Window.Property(current_palette),basic)">Conditional</animation>
                <animation effect="slide" end="0,40" time="0" reversible="true" condition="String.IsEqual(Window.Property(current_palette),rainbow)">Conditional</animation>
                <left>30</left>
                <top>75</top>
                <width>1365</width>
                <height>840</height>
                <orientation>vertical</orientation>
                <itemlayout height="75" width="97" condition="String.IsEqual(Window.Property(current_palette),basic)">
                    <control type="image">
                        <left>0</left>
                        <top>0</top>
                        <width>93</width>
                        <height>71</height>
                        <texture>$INFO[ListItem.Property(image)]</texture>
                    </control>
                </itemlayout>
                <focusedlayout height="75" width="97" condition="String.IsEqual(Window.Property(current_palette),basic)">
                    <control type="group">
                        <animation effect="zoom" time="100" tween="sine" easing="inout" start="100" end="120" center="auto">Focus</animation>
                        <control type="image">
                            <left>0</left>
                            <top>0</top>
                            <width>97</width>
                            <height>75</height>
                            <texture colordiffuse="FF302F2F">common/white.png</texture>
                        </control>
                        <control type="image">
                            <left>2</left>
                            <top>2</top>
                            <width>93</width>
                            <height>71</height>
                            <texture>$INFO[ListItem.Property(image)]</texture>
                        </control>
                    </control>
                </focusedlayout>
                <itemlayout height="44" width="97" condition="String.IsEqual(Window.Property(current_palette),material_design)">
                    <control type="image">
                        <left>0</left>
                        <top>0</top>
                        <width>93</width>
                        <height>40</height>
                        <texture>$INFO[ListItem.Property(image)]</texture>
                    </control>
                </itemlayout>
                <focusedlayout height="44" width="97" condition="String.IsEqual(Window.Property(current_palette),material_design)">
                    <control type="group">
                        <animation effect="zoom" time="100" tween="sine" easing="inout" start="100" end="120" center="auto">Focus</animation>
                        <control type="image">
                            <left>0</left>
                            <top>0</top>
                            <width>97</width>
                            <height>44</height>
                            <texture colordiffuse="FF302F2F">common/white.png</texture>
                        </control>
                        <control type="image">
                            <left>2</left>
                            <top>2</top>
                            <width>93</width>
                            <height>40</height>
                            <texture>$INFO[ListItem.Property(image)]</texture>
                        </control>
                    </control>
                </focusedlayout>
                <itemlayout height="44" width="44" condition="String.IsEqual(Window.Property(current_palette),webcolors) | String.IsEqual(Window.Property(current_palette),rainbow)">
                    <control type="image">
                        <left>0</left>
                        <top>0</top>
                        <width>40</width>
                        <height>40</height>
                        <texture>$INFO[ListItem.Property(image)]</texture>
                    </control>
                </itemlayout>
                <focusedlayout height="44" width="44" condition="String.IsEqual(Window.Property(current_palette),webcolors) | String.IsEqual(Window.Property(current_palette),rainbow)">
                    <control type="group">
                        <animation effect="zoom" time="100" tween="sine" easing="inout" start="100" end="140" center="auto">Focus</animation>
                        <control type="image">
                            <left>0</left>
                            <top>0</top>
                            <width>44</width>
                            <height>44</height>
                            <texture colordiffuse="FF302F2F">common/white.png</texture>
                        </control>
                        <control type="image">
                            <left>2</left>
                            <top>2</top>
                            <width>40</width>
                            <height>40</height>
                            <texture>$INFO[ListItem.Property(image)]</texture>
                        </control>
                    </control>
                </focusedlayout>
            </control>
            <!-- Buttons -->
            <control type="group">
                <animation effect="slide" end="0,80" time="0" reversible="true" condition="String.IsEqual(Window.Property(current_palette),basic)">Conditional</animation>
                <animation effect="slide" end="0,40" time="0" reversible="true" condition="String.IsEqual(Window.Property(current_palette),rainbow)">Conditional</animation>
                <left>1405</left>
                <top>70</top>
                <control type="button" id="10">
                    <description>OK</description>
                    <width>240</width>
                    <height>60</height>
                    <onup>12</onup>
                    <ondown>11</ondown>
                    <onleft>2000</onleft>
                    <onright>2000</onright>
                    <label>[B]$ADDON[plugin.video.fen 32839][/B]</label>
                    <font>font_mini</font>
                    <textcolor>FFEFEFEF</textcolor>
                    <focusedcolor>$VAR[ColorSelected]</focusedcolor>
                    <texturefocus>special://profile/addon_data/script.texturemaker/ArcticHorizon/menu_h.png</texturefocus>
                    <texturenofocus colordiffuse="FF4a4347">special://skin/extras/textures/menu.png</texturenofocus>
                    <align>center</align>
                </control>
                <control type="button" id="11">
                    <description>Cancel</description>
                    <top>80</top>
                    <width>240</width>
                    <height>60</height>
                    <onup>10</onup>
                    <ondown>12</ondown>
                    <onleft>2000</onleft>
                    <onright>2000</onright>
                    <label>[B]$ADDON[plugin.video.fen 32840][/B]</label>
                    <font>font_mini</font>
                    <textcolor>FFEFEFEF</textcolor>
                    <focusedcolor>$VAR[ColorSelected]</focusedcolor>
                    <texturefocus>special://profile/addon_data/script.texturemaker/ArcticHorizon/menu_h.png</texturefocus>
                    <texturenofocus colordiffuse="FF4a4347">special://skin/extras/textures/menu.png</texturenofocus>
                    <align>center</align>
                </control>
                <control type="label">
                    <top>220</top>
                    <width>240</width>
                    <height>60</height>
                    <align>center</align>
                    <aligny>bottom</aligny>
                    <textcolor>white</textcolor>
                    <shadowcolor>black</shadowcolor>
                    <font>font_mini</font> <!-- FEN_26 -->
                    <shadowcolor>FF302F2F</shadowcolor>
                    <label>[B]Choose Palette[/B]</label>
                </control>
                <control type="button" id="12">
                    <description>Color Palette Choice</description>
                    <top>260</top>
                    <width>240</width>
                    <height>60</height>
                    <onup>11</onup>
                    <ondown>10</ondown>
                    <onleft>2000</onleft>
                    <onright>2000</onright>
                    <label>[B]$INFO[Window.Property(current_palette_name)][/B]</label>
                    <font>font_mini</font>
                    <textcolor>FFEFEFEF</textcolor>
                    <focusedcolor>$VAR[ColorSelected]</focusedcolor>
                    <texturefocus>special://profile/addon_data/script.texturemaker/ArcticHorizon/menu_h.png</texturefocus>
                    <texturenofocus colordiffuse="FF4a4347">special://skin/extras/textures/menu.png</texturenofocus>
                    <align>center</align>
                </control>
            </control>
            <!-- Color preview -->
            <control type="group">
                <animation effect="slide" end="0,-90" time="0" reversible="true" condition="String.IsEqual(Window.Property(current_palette),basic)">Conditional</animation>
                <animation effect="slide" end="0,-10" time="0" reversible="true" condition="String.IsEqual(Window.Property(current_palette),material_design)">Conditional</animation>
                <animation effect="slide" end="0,-55" time="0" reversible="true" condition="String.IsEqual(Window.Property(current_palette),rainbow)">Conditional</animation>
                <left>1420</left>
                <top>665</top>
                <control type="label">
                    <width>220</width>
                    <height>30</height>
                    <align>center</align>
                    <aligny>bottom</aligny>
                    <textcolor>white</textcolor>
                    <shadowcolor>black</shadowcolor>
                    <font>font_midi</font>
                    <shadowcolor>FF302F2F</shadowcolor>
                    <label>[B][COLOR=$INFO[Container(2000).ListItem.Property(label)]]$INFO[Container(2000).ListItem.Property(label)][/COLOR][/B]</label>
                </control>
                <control type="image">
                    <left>0</left>
                    <top>45</top>
                    <width>210</width>
                    <height>210</height>
                    <texture colordiffuse="FF302F2F">common/white.png</texture>
                </control>
                <control type="image">
                    <left>5</left>
                    <top>50</top>
                    <width>200</width>
                    <height>200</height>
                    <aspectratio>stretch</aspectratio>
                    <texture>$INFO[Container(2000).ListItem.Property(image)]</texture>
                </control>
            </control>
        </control>
    </controls>
</window>