<?xml version="1.0" encoding="UTF-8"?>
<window>
    <controls>
        <control type="image">
            <left>0</left>
            <top>0</top>
            <width>1920</width>
            <height>1080</height>
            <texture colordiffuse="FF000000">common/white.png</texture>
            <animation type="WindowOpen" reversible="false">
                <effect type="fade" start="0" end="80" time="200" tween="sine" easing="in" />
            </animation>
        </control>
        <control type="group">
            <left>310</left>
            <top>130</top>
            <animation effect="slide" end="220,0" time="0" condition="String.IsEqual(Window().Property(narrow_window),true)">Conditional</animation>
            <animation type="WindowOpen" reversible="false">
                <effect type="zoom" start="50" end="100" time="200" center="910,440" tween="quadratic" easing="out" />
            </animation>
            <control type="group">
                <top>40</top>
                <control type="image">
                    <visible>!String.IsEqual(Window().Property(narrow_window),true)</visible>
                    <width>1300</width>
                    <height>805</height>
                    <include>Texture_Dialog</include>
                </control>
                <control type="image">
                    <visible>String.IsEqual(Window().Property(narrow_window),true)</visible>
                    <width>780</width>
                    <height>805</height>
                    <include>Texture_Dialog</include>
                </control>
                <control type="image">
                    <visible>String.IsEqual(Window().Property(narrow_window),true)</visible>
                    <width>780</width>
                    <height>805</height>
                    <include>Texture_Dialog</include>
                </control>
                <control type="image">
                    <left>10</left>
                    <top>10</top>
                    <width>45</width>
                    <height>45</height>
                    <align>left</align>
                    <aligny>top</aligny>
                    <aspectratio aligny="top">keep</aspectratio>
                    <texture colordiffuse="dialog_fg_70">common/fen.png</texture>
                </control>
                <control type="label">
                    <visible>!String.IsEqual(Window().Property(narrow_window),true)</visible>
                    <width max="1100">auto</width>
                    <top>-60</top>
                    <left>110</left>
                    <height>20</height>
                    <font>font_head_bold</font>
                    <textcolor>FFCCCCCC</textcolor>
                    <align>center</align>
                    <label>$INFO[Window().Property(heading)]</label>
                </control>
                <control type="label">
                    <visible>String.IsEqual(Window().Property(narrow_window),true)</visible>
                    <width max="580">auto</width>
                    <top>-60</top>
                    <left>110</left>
                    <height>20</height>
                    <font>font_head_bold</font>
                    <textcolor>FFCCCCCC</textcolor>
                    <align>center</align>
                    <label>$INFO[Window().Property(heading)]</label>
                </control>
                <control type="group">
                    <control type="image">
                        <left>770</left>
                        <top>65</top>
                        <height>720</height>
                        <width>500</width>
                        <aspectratio aligny="bottom">keep</aspectratio>
                        <texture>$INFO[Container(2025).ListItem.Property(icon)]</texture>
                        <fadetime>100</fadetime>
                        <visible>String.IsEqual(Window().Property(multi_choice),false)</visible>
                    </control>
                    <control type="image">
                        <left>770</left>
                        <top>285</top>
                        <height>500</height>
                        <width>500</width>
                        <aspectratio aligny="bottom">keep</aspectratio>
                        <texture>$INFO[Container(2025).ListItem.Property(icon)]</texture>
                        <fadetime>100</fadetime>
                        <visible>String.IsEqual(Window().Property(multi_choice),true)</visible>
                    </control>
                </control>
            </control>
            <control type="fixedlist" id="2025">
                <animation effect="slide" end="0,-270" time="0" condition="Integer.IsEqual(Container(2025).NumItems,1) | Integer.IsEqual(Container(2025).NumItems,2)">Conditional</animation>
                <animation effect="slide" end="0,-180" time="0" condition="Integer.IsEqual(Container(2025).NumItems,3) | Integer.IsEqual(Container(2025).NumItems,4)">Conditional</animation>
                <animation effect="slide" end="0,-90" time="0" condition="Integer.IsEqual(Container(2025).NumItems,5) | Integer.IsEqual(Container(2025).NumItems,6)">Conditional</animation>
                <pagecontrol>2065</pagecontrol>
                <left>0</left>
                <top>105</top>
                <width>700</width>
                <height>720</height>
                <onup>2025</onup>
                <ondown>2025</ondown>
                <onright>2065</onright>
                <scrolltime tween="sine">200</scrolltime>
                <orientation>Vertical</orientation>
                <focusposition>3</focusposition>
                <movement>4</movement>
                <scrolltime tween="sine">200</scrolltime>
                <itemlayout height="90" width="700">
                    <control type="label">
                        <description>Only Line1</description>
                        <visible>String.IsEqual(Window().Property(multi_line),false)</visible>
                        <width max="640">auto</width>
                        <left>40</left>
                        <top>45</top>
                        <height>5</height>
                        <font>font_mini</font>
                        <textcolor>dialog_fg_70</textcolor>
                        <aligny>center</aligny>
                        <label>[UPPERCASE]$INFO[ListItem.Property(line1)][/UPPERCASE]</label>
                    </control>
                    <control type="group">
                        <description>Line1 and Line2</description>
                        <visible>String.IsEqual(Window().Property(multi_line),true)</visible>
                        <width max="640">auto</width>
                        <left>40</left>
                        <control type="label">
                            <top>25</top>
                            <height>5</height>
                            <font>font_mini</font>
                            <textcolor>dialog_fg_70</textcolor>
                            <aligny>center</aligny>
                            <label>[UPPERCASE][B]$INFO[ListItem.Property(line1)][/B][/UPPERCASE]</label>
                        </control>
                        <control type="label">
                            <top>60</top>
                            <height>5</height>
                            <font>font_mini</font>
                            <textcolor>dialog_fg_70</textcolor>
                            <aligny>center</aligny>
                            <label>[UPPERCASE][I]$INFO[ListItem.Property(line2)][/I][/UPPERCASE]</label>
                        </control>
                    </control>
                    <control type="image">
                        <top>6</top>
                        <left>6</left>
                        <width>30</width>
                        <align>left</align>
                        <aligny>center</aligny>
                        <aspectratio>keep</aspectratio>
                        <texture>indicator/checkmark-classic.png</texture>
                        <visible>!String.IsEmpty(ListItem.Property(check_status))</visible>
                    </control>
                </itemlayout>
                <focusedlayout height="90" width="700">
                    <control type="image">
                        <width>700</width>
                        <height>90</height>
                        <aligny>top</aligny>
                        <texture colordiffuse="$INFO[Window(10000).Property(fen.highlight)]">common/white.png</texture>
                        <animation effect="fade" start="100" end="30" time="0" condition="!Control.HasFocus(2025)">Conditional</animation>
                    </control>
                    <control type="label">
                        <description>Only Line1</description>
                        <visible>String.IsEqual(Window().Property(multi_line),false)</visible>
                        <left>40</left>
                        <top>45</top>
                        <height>5</height>
                        <width max="640">auto</width>
                        <font>font_mini</font>
                        <textcolor>FFEFEFEF</textcolor>
                        <aligny>center</aligny>
                        <label>[UPPERCASE]$INFO[ListItem.Property(line1)][/UPPERCASE]</label>
                    </control>
                    <control type="group">
                        <description>Line1 and Line2</description>
                        <visible>String.IsEqual(Window().Property(multi_line),true)</visible>
                        <width max="640">auto</width>
                        <left>40</left>
                        <control type="label">
                            <top>25</top>
                            <height>5</height>
                            <font>font_mini</font>
                            <textcolor>FFEFEFEF</textcolor>
                            <aligny>center</aligny>
                            <label>[UPPERCASE][B]$INFO[ListItem.Property(line1)][/B][/UPPERCASE]</label>
                        </control>
                        <control type="label">
                            <top>60</top>
                            <height>5</height>
                            <font>font_mini</font>
                            <textcolor>FFEFEFEF</textcolor>
                            <aligny>center</aligny>
                            <label>[UPPERCASE][I]$INFO[ListItem.Property(line2)][/I][/UPPERCASE]</label>
                        </control>
                    </control>
                    <control type="image">
                        <top>6</top>
                        <left>6</left>
                        <width>30</width>
                        <align>left</align>
                        <aligny>center</aligny>
                        <aspectratio>keep</aspectratio>
                        <texture>indicator/checkmark-classic.png</texture>
                        <visible>!String.IsEmpty(ListItem.Property(check_status))</visible>
                    </control>
                </focusedlayout>
            </control>
            <control type="group">
                <visible>String.IsEqual(Window().Property(multi_choice),true)</visible>
                <top>105</top>
                <left>850</left>
                <control type="button" id="10">
                    <description>True</description>
                    <width>340</width>
                    <height>85</height>
                    <onup>11</onup>
                    <ondown>11</ondown>
                    <onleft>2025</onleft>
                    <onright>2025</onright>
                    <label>[B]$ADDON[plugin.video.fen 32839][/B]</label>
                    <font>font_midi</font>
                    <textcolor>FFEFEFEF</textcolor>
                    <focusedcolor>FFEFEFEF</focusedcolor>
                    <texturefocus colordiffuse="$INFO[Window(10000).Property(fen.highlight)]" border="30">common/circle.png</texturefocus>
                    <texturenofocus colordiffuse="FF4a4347" border="30">common/circle.png</texturenofocus>
                    <align>center</align>
                </control>
                <control type="button" id="11">
                    <description>False</description>
                    <top>105</top>
                    <width>340</width>
                    <height>85</height>
                    <onup>10</onup>
                    <ondown>10</ondown>
                    <onleft>2025</onleft>
                    <onright>2025</onright>
                    <label>[B]$ADDON[plugin.video.fen 32840][/B]</label>
                    <font>font_midi</font>
                    <textcolor>FFEFEFEF</textcolor>
                    <focusedcolor>FFEFEFEF</focusedcolor>
                    <texturefocus colordiffuse="$INFO[Window(10000).Property(fen.highlight)]" border="30">common/circle.png</texturefocus>
                    <texturenofocus colordiffuse="FF4a4347" border="30">common/circle.png</texturenofocus>
                    <align>center</align>
                </control>
            </control>
            <control type="scrollbar" id="2065">
                <top>105</top>
                <left>730</left>
                <width>20</width>
                <height>720</height>
                <texturesliderbackground colordiffuse="FF302F2F">common/white.png</texturesliderbackground>
                <texturesliderbar colordiffuse="FF555556">common/white.png</texturesliderbar>
                <texturesliderbarfocus colordiffuse="$INFO[Window(10000).Property(fen.highlight)]">common/white.png</texturesliderbarfocus>
                <onleft>2025</onleft>
                <onright>10</onright>
                <showonepage>false</showonepage>
                <orientation>vertical</orientation>
                <visible>Control.IsVisible(2025)</visible>
            </control>
        </control>
    </controls>
</window>
