<?xml version="1.0" encoding="UTF-8"?>
<window>
    <controls>
        <control type="image">
            <left>0</left>
            <top>0</top>
            <width>1920</width>
            <height>1080</height>
            <texture colordiffuse="FF000000">common/white.png</texture>
            <animation type="WindowOpen" reversible="false">
                <effect type="fade" start="0" end="80" time="200" tween="sine" easing="in" />
            </animation>
        </control>
        <control type="group">
            <animation type="WindowOpen" reversible="false">
                <effect type="zoom" start="50" end="100" time="200" center="770,560" tween="quadratic" easing="out" />
            </animation>
            <control type="group">
                <control type="list" id="2060">
                    <top>135</top>
                    <left>100</left>
                    <width>1920</width>
                    <height>1080</height>
                    <scrolltime tween="cubic" easing="out">600</scrolltime>
                    <orientation>horizontal</orientation>
                    <itemlayout height="1060" width="1900">
                        <control type="group">
                            <control type="image">
                                <height>810</height>
                                <width>1720</width>
                                <include>Texture_Dialog</include>
                            </control>
                            <control type="image">
                                <left>1170</left>
                                <top>10</top>
                                <height max="792">auto</height>
                                <width max="530">auto</width>
                                <align>center</align>
                                <aligny>center</aligny>
                                <aspectratio>keep</aspectratio>
                                <texture diffuse="diffuse/poster_w544_h800.png">$INFO[Window.Property(poster)]</texture>
                            </control>
                            <control type="image">
                                <left>7</left>
                                <top>7</top>
                                <width>45</width>
                                <height>45</height>
                                <align>right</align>
                                <aligny>top</aligny>
                                <aspectratio aligny="top">keep</aspectratio>
                                <texture colordiffuse="dialog_fg_70">common/fen.png</texture>
                            </control>
                            <control type="textbox">
                                <top>50</top>
                                <left>20</left>
                                <width>1120</width>
                                <height>715</height>
                                <font>font_midi</font>
                                <align>center</align>
                                <aligny>center</aligny>
                                <textcolor>dialog_fg_70</textcolor>
                                <label>$INFO[ListItem.Property(text)]</label>
                            </control>
                        </control>
                    </itemlayout>
                    <focusedlayout height="1060" width="1900">
                        <control type="group">
                            <control type="image">
                                <height>810</height>
                                <width>1720</width>
                                <include>Texture_Dialog</include>
                            </control>
                            <control type="image">
                                <left>1170</left>
                                <top>10</top>
                                <height max="792">auto</height>
                                <width max="530">auto</width>
                                <align>center</align>
                                <aligny>center</aligny>
                                <aspectratio>keep</aspectratio>
                                <texture diffuse="diffuse/poster_w544_h800.png">$INFO[Window.Property(poster)]</texture>
                            </control>
                            <control type="image">
                                <left>7</left>
                                <top>7</top>
                                <width>45</width>
                                <height>45</height>
                                <align>right</align>
                                <aligny>top</aligny>
                                <aspectratio aligny="top">keep</aspectratio>
                                <texture colordiffuse="dialog_fg_70">common/fen.png</texture>
                            </control>
                            <control type="textbox">
                                <top>50</top>
                                <left>20</left>
                                <width>1120</width>
                                <height>715</height>
                                <font>font_midi</font>
                                <align>center</align>
                                <aligny>center</aligny>
                                <textcolor>dialog_fg_70</textcolor>
                                <label>$INFO[ListItem.Property(text)]</label>
                                <autoscroll delay="20000" time="3000"/>
                            </control>
                        </control>
                    </focusedlayout>
                </control>
                <control type="image">
                    <top>515</top>
                    <left>30</left>
                    <width>50</width>
                    <height>50</height>
                    <visible>Container(2060).HasPrevious</visible>
                    <texture flipx="true">arrows/arrow-240.png</texture>
                </control>
                <control type="image">
                    <top>515</top>
                    <left>1840</left>
                    <width>50</width>
                    <height>50</height>
                    <visible>Container(2060).HasNext</visible>
                    <texture flipx="false">arrows/arrow-240.png</texture>
                </control>
            </control>
        </control>
    </controls>
</window>
